trialNum,numTeachers,numAssessments,numExamples,teacherMu,simType,IG
0,1,0,12,0.5,unsortedUncertainTeachers,41.45973746023547
0,1,0,12,0.5,sortedUncertainTeachers,41.45973746023546
0,1,0,12,0.5,unsortedPerfectTeachers,42.967624029920906
0,1,0,12,0.5,sortedPerfectTeachers,42.96762402992089
0,2,0,12,0.5,unsortedUncertainTeachers,41.45973746023547
0,2,0,12,0.5,sortedUncertainTeachers,41.459737460235466
0,2,0,12,0.5,unsortedPerfectTeachers,43.72156731476361
0,2,0,12,0.5,sortedPerfectTeachers,50.507056878348074
0,3,0,12,0.5,unsortedUncertainTeachers,41.45973746023546
0,3,0,12,0.5,sortedUncertainTeachers,41.459737460235466
0,3,0,12,0.5,unsortedPerfectTeachers,43.2189384582018
0,3,0,12,0.5,sortedPerfectTeachers,50.507056878348045
0,5,0,12,0.5,unsortedUncertainTeachers,41.45973746023546
0,5,0,12,0.5,sortedUncertainTeachers,41.459737460235466
0,5,0,12,0.5,unsortedPerfectTeachers,43.72156731476361
0,5,0,12,0.5,sortedPerfectTeachers,50.50705687834812
0,10,0,12,0.5,unsortedUncertainTeachers,41.45973746023546
0,10,0,12,0.5,sortedUncertainTeachers,41.45973746023546
0,10,0,12,0.5,unsortedPerfectTeachers,44.72682502788724
0,10,0,12,0.5,sortedPerfectTeachers,50.507056878348145
0,1,0,12,0.6,unsortedUncertainTeachers,57.967624029921
0,1,0,12,0.6,sortedUncertainTeachers,57.967624029921
0,1,0,12,0.6,unsortedPerfectTeachers,79.09816475539053
0,1,0,12,0.6,sortedPerfectTeachers,79.09816475539056
0,2,0,12,0.6,unsortedUncertainTeachers,57.967624029921055
0,2,0,12,0.6,sortedUncertainTeachers,57.967624029921055
0,2,0,12,0.6,unsortedPerfectTeachers,79.09816475539057
0,2,0,12,0.6,sortedPerfectTeachers,85.39928660455416
0,3,0,12,0.6,unsortedUncertainTeachers,57.967624029921055
0,3,0,12,0.6,sortedUncertainTeachers,57.967624029921055
0,3,0,12,0.6,unsortedPerfectTeachers,79.09816475539057
0,3,0,12,0.6,sortedPerfectTeachers,87.08218619166222
0,5,0,12,0.6,unsortedUncertainTeachers,57.967624029921055
0,5,0,12,0.6,sortedUncertainTeachers,57.967624029921055
0,5,0,12,0.6,unsortedPerfectTeachers,79.92150076172504
0,5,0,12,0.6,sortedPerfectTeachers,87.22405531753382
0,10,0,12,0.6,unsortedUncertainTeachers,57.96762402992106
0,10,0,12,0.6,sortedUncertainTeachers,57.967624029921055
0,10,0,12,0.6,unsortedPerfectTeachers,80.055537028294
0,10,0,12,0.6,sortedPerfectTeachers,87.8323115551937
0,1,0,12,0.7,unsortedUncertainTeachers,124.02905331830596
0,1,0,12,0.7,sortedUncertainTeachers,124.02905331830594
0,1,0,12,0.7,unsortedPerfectTeachers,140.87341195030183
0,1,0,12,0.7,sortedPerfectTeachers,140.8734119503019
0,2,0,12,0.7,unsortedUncertainTeachers,124.02905331830596
0,2,0,12,0.7,sortedUncertainTeachers,124.02905331830596
0,2,0,12,0.7,unsortedPerfectTeachers,140.87341195030177
0,2,0,12,0.7,sortedPerfectTeachers,145.8358908031632
0,3,0,12,0.7,unsortedUncertainTeachers,124.02905331830596
0,3,0,12,0.7,sortedUncertainTeachers,124.02905331830596
0,3,0,12,0.7,unsortedPerfectTeachers,140.8734119503018
0,3,0,12,0.7,sortedPerfectTeachers,150.33960243905278
0,5,0,12,0.7,unsortedUncertainTeachers,124.02905331830596
0,5,0,12,0.7,sortedUncertainTeachers,124.02905331830596
0,5,0,12,0.7,unsortedPerfectTeachers,140.87341195030177
0,5,0,12,0.7,sortedPerfectTeachers,149.06674359587788
0,10,0,12,0.7,unsortedUncertainTeachers,124.02905331830593
0,10,0,12,0.7,sortedUncertainTeachers,124.02905331830591
0,10,0,12,0.7,unsortedPerfectTeachers,140.87341195030177
0,10,0,12,0.7,sortedPerfectTeachers,150.552866482559
0,1,0,12,0.8,unsortedUncertainTeachers,183.73055480744438
0,1,0,12,0.8,sortedUncertainTeachers,183.73055480744435
0,1,0,12,0.8,unsortedPerfectTeachers,244.7917813245532
0,1,0,12,0.8,sortedPerfectTeachers,244.79178132455326
0,2,0,12,0.8,unsortedUncertainTeachers,183.73055480744478
0,2,0,12,0.8,sortedUncertainTeachers,183.73055480744478
0,2,0,12,0.8,unsortedPerfectTeachers,244.79178132455277
0,2,0,12,0.8,sortedPerfectTeachers,252.8529700292239
0,3,0,12,0.8,unsortedUncertainTeachers,183.73055480744472
0,3,0,12,0.8,sortedUncertainTeachers,183.73055480744475
0,3,0,12,0.8,unsortedPerfectTeachers,244.7917813245529
0,3,0,12,0.8,sortedPerfectTeachers,255.0038112883069
0,5,0,12,0.8,unsortedUncertainTeachers,183.73055480744463
0,5,0,12,0.8,sortedUncertainTeachers,183.73055480744463
0,5,0,12,0.8,unsortedPerfectTeachers,244.79178132455291
0,5,0,12,0.8,sortedPerfectTeachers,254.11817076986082
0,10,0,12,0.8,unsortedUncertainTeachers,183.7305548074446
0,10,0,12,0.8,sortedUncertainTeachers,183.7305548074446
0,10,0,12,0.8,unsortedPerfectTeachers,245.2184867452708
0,10,0,12,0.8,sortedPerfectTeachers,255.38337151049794
0,1,0,12,0.9,unsortedUncertainTeachers,394.7917813245529
0,1,0,12,0.9,sortedUncertainTeachers,394.79178132455297
0,1,0,12,0.9,unsortedPerfectTeachers,394.7917813245529
0,1,0,12,0.9,sortedPerfectTeachers,394.79178132455286
0,2,0,12,0.9,unsortedUncertainTeachers,394.79178132455263
0,2,0,12,0.9,sortedUncertainTeachers,394.7917813245527
0,2,0,12,0.9,unsortedPerfectTeachers,394.79178132455263
0,2,0,12,0.9,sortedPerfectTeachers,394.7917813245525
0,3,0,12,0.9,unsortedUncertainTeachers,394.7917813245527
0,3,0,12,0.9,sortedUncertainTeachers,394.7917813245527
0,3,0,12,0.9,unsortedPerfectTeachers,394.7917813245527
0,3,0,12,0.9,sortedPerfectTeachers,394.7917813245526
0,5,0,12,0.9,unsortedUncertainTeachers,394.79178132455274
0,5,0,12,0.9,sortedUncertainTeachers,394.79178132455274
0,5,0,12,0.9,unsortedPerfectTeachers,394.79178132455274
0,5,0,12,0.9,sortedPerfectTeachers,394.79178132455286
0,10,0,12,0.9,unsortedUncertainTeachers,394.79178132455274
0,10,0,12,0.9,sortedUncertainTeachers,394.79178132455286
0,10,0,12,0.9,unsortedPerfectTeachers,394.79178132455274
0,10,0,12,0.9,sortedPerfectTeachers,394.7917813245528
0,1,1,11,0.5,unsortedUncertainTeachers,46.94275897262719
0,1,1,11,0.5,sortedUncertainTeachers,46.94275897262716
0,1,1,11,0.5,unsortedPerfectTeachers,46.94275897262719
0,1,1,11,0.5,sortedPerfectTeachers,46.94275897262712
0,2,1,11,0.5,unsortedUncertainTeachers,40.989442813394525
0,2,1,11,0.5,sortedUncertainTeachers,41.53331024436181
0,2,1,11,0.5,unsortedPerfectTeachers,46.94275897262709
0,2,1,11,0.5,sortedPerfectTeachers,51.215763536611746
0,3,1,11,0.5,unsortedUncertainTeachers,42.616174176061776
0,3,1,11,0.5,sortedUncertainTeachers,44.37643693135357
0,3,1,11,0.5,unsortedPerfectTeachers,46.942758972627075
0,3,1,11,0.5,sortedPerfectTeachers,55.08817392272285
0,5,1,11,0.5,unsortedUncertainTeachers,45.048964824710765
0,5,1,11,0.5,sortedUncertainTeachers,44.23316367825983
0,5,1,11,0.5,unsortedPerfectTeachers,46.94275897262707
0,5,1,11,0.5,sortedPerfectTeachers,53.88639138910216
0,10,1,11,0.5,unsortedUncertainTeachers,44.50996832397808
0,10,1,11,0.5,sortedUncertainTeachers,44.23316367825983
0,10,1,11,0.5,unsortedPerfectTeachers,46.942758972627075
0,10,1,11,0.5,sortedPerfectTeachers,55.22170531534737
0,1,1,11,0.6,unsortedUncertainTeachers,75.0458685146314
0,1,1,11,0.6,sortedUncertainTeachers,75.04586851463141
0,1,1,11,0.6,unsortedPerfectTeachers,80.65850928767267
0,1,1,11,0.6,sortedPerfectTeachers,80.65850928767267
0,2,1,11,0.6,unsortedUncertainTeachers,75.04586851463141
0,2,1,11,0.6,sortedUncertainTeachers,75.04586851463141
0,2,1,11,0.6,unsortedPerfectTeachers,80.65850928767264
0,2,1,11,0.6,sortedPerfectTeachers,87.06222686663432
0,3,1,11,0.6,unsortedUncertainTeachers,75.0458685146314
0,3,1,11,0.6,sortedUncertainTeachers,66.53516606103372
0,3,1,11,0.6,unsortedPerfectTeachers,80.65850928767264
0,3,1,11,0.6,sortedPerfectTeachers,89.33350635311783
0,5,1,11,0.6,unsortedUncertainTeachers,75.04586851463137
0,5,1,11,0.6,sortedUncertainTeachers,65.1454288163255
0,5,1,11,0.6,unsortedPerfectTeachers,80.70959945203195
0,5,1,11,0.6,sortedPerfectTeachers,88.3982736233893
0,10,1,11,0.6,unsortedUncertainTeachers,75.04586851463138
0,10,1,11,0.6,sortedUncertainTeachers,65.14542881632549
0,10,1,11,0.6,unsortedPerfectTeachers,81.2849635969355
0,10,1,11,0.6,sortedPerfectTeachers,89.28897146122597
0,1,1,11,0.7,unsortedUncertainTeachers,113.9918426210057
0,1,1,11,0.7,sortedUncertainTeachers,113.99184262100573
0,1,1,11,0.7,unsortedPerfectTeachers,140.48006723971915
0,1,1,11,0.7,sortedPerfectTeachers,140.48006723971915
0,2,1,11,0.7,unsortedUncertainTeachers,129.0851339997401
0,2,1,11,0.7,sortedUncertainTeachers,129.66049814464367
0,2,1,11,0.7,unsortedPerfectTeachers,140.4800672397192
0,2,1,11,0.7,sortedPerfectTeachers,148.86435597606254
0,3,1,11,0.7,unsortedUncertainTeachers,123.94790482790415
0,3,1,11,0.7,sortedUncertainTeachers,134.41773026802767
0,3,1,11,0.7,unsortedPerfectTeachers,140.48006723971923
0,3,1,11,0.7,sortedPerfectTeachers,150.29053199271536
0,5,1,11,0.7,unsortedUncertainTeachers,126.60892078133986
0,5,1,11,0.7,sortedUncertainTeachers,133.63666504263642
0,5,1,11,0.7,unsortedPerfectTeachers,141.68319941845215
0,5,1,11,0.7,sortedPerfectTeachers,150.71238332641695
0,10,1,11,0.7,unsortedUncertainTeachers,124.42038963539134
0,10,1,11,0.7,sortedUncertainTeachers,133.6366650426364
0,10,1,11,0.7,unsortedPerfectTeachers,141.91007205837718
0,10,1,11,0.7,sortedPerfectTeachers,151.32839244320175
0,1,1,11,0.8,unsortedUncertainTeachers,227.40064976603873
0,1,1,11,0.8,sortedUncertainTeachers,227.40064976603875
0,1,1,11,0.8,unsortedPerfectTeachers,246.98065764620404
0,1,1,11,0.8,sortedPerfectTeachers,246.9806576462041
0,2,1,11,0.8,unsortedUncertainTeachers,227.40064976603895
0,2,1,11,0.8,sortedUncertainTeachers,200.9986615108332
0,2,1,11,0.8,unsortedPerfectTeachers,246.98065764620392
0,2,1,11,0.8,sortedPerfectTeachers,251.21775303279247
0,3,1,11,0.8,unsortedUncertainTeachers,227.40064976603895
0,3,1,11,0.8,sortedUncertainTeachers,211.17948659317022
0,3,1,11,0.8,unsortedPerfectTeachers,246.98065764620395
0,3,1,11,0.8,sortedPerfectTeachers,254.72932032232558
0,5,1,11,0.8,unsortedUncertainTeachers,227.40064976603895
0,5,1,11,0.8,sortedUncertainTeachers,208.3472527598896
0,5,1,11,0.8,unsortedPerfectTeachers,246.980657646204
0,5,1,11,0.8,sortedPerfectTeachers,253.28338085016486
0,10,1,11,0.8,unsortedUncertainTeachers,222.07526034033953
0,10,1,11,0.8,sortedUncertainTeachers,208.3472527598896
0,10,1,11,0.8,unsortedPerfectTeachers,246.980657646204
0,10,1,11,0.8,sortedPerfectTeachers,255.34900866753742
0,1,1,11,0.9,unsortedUncertainTeachers,384.4806576462038
0,1,1,11,0.9,sortedUncertainTeachers,384.4806576462039
0,1,1,11,0.9,unsortedPerfectTeachers,384.4806576462038
0,1,1,11,0.9,sortedPerfectTeachers,384.48065764620367
0,2,1,11,0.9,unsortedUncertainTeachers,384.480657646204
0,2,1,11,0.9,sortedUncertainTeachers,384.480657646204
0,2,1,11,0.9,unsortedPerfectTeachers,384.480657646204
0,2,1,11,0.9,sortedPerfectTeachers,384.4806576462039
0,3,1,11,0.9,unsortedUncertainTeachers,384.4806576462038
0,3,1,11,0.9,sortedUncertainTeachers,384.4806576462038
0,3,1,11,0.9,unsortedPerfectTeachers,384.4806576462038
0,3,1,11,0.9,sortedPerfectTeachers,384.48065764620384
0,5,1,11,0.9,unsortedUncertainTeachers,384.48065764620367
0,5,1,11,0.9,sortedUncertainTeachers,384.4806576462037
0,5,1,11,0.9,unsortedPerfectTeachers,384.48065764620367
0,5,1,11,0.9,sortedPerfectTeachers,384.48065764620367
0,10,1,11,0.9,unsortedUncertainTeachers,384.4806576462038
0,10,1,11,0.9,sortedUncertainTeachers,384.4806576462038
0,10,1,11,0.9,unsortedPerfectTeachers,384.4806576462038
0,10,1,11,0.9,sortedPerfectTeachers,384.48065764620384
0,1,2,10,0.5,unsortedUncertainTeachers,43.748763136383985
0,1,2,10,0.5,sortedUncertainTeachers,43.748763136383985
0,1,2,10,0.5,unsortedPerfectTeachers,45.47485557109467
0,1,2,10,0.5,sortedPerfectTeachers,45.474855571094636
0,2,2,10,0.5,unsortedUncertainTeachers,43.748763136383985
0,2,2,10,0.5,sortedUncertainTeachers,48.0639942231607
0,2,2,10,0.5,unsortedPerfectTeachers,46.33790178845001
0,2,2,10,0.5,sortedPerfectTeachers,54.10531774464808
0,3,2,10,0.5,unsortedUncertainTeachers,43.748763136383985
0,3,2,10,0.5,sortedUncertainTeachers,39.334151889618816
0,3,2,10,0.5,unsortedPerfectTeachers,45.76253764354645
0,3,2,10,0.5,sortedPerfectTeachers,54.10531774464809
0,5,2,10,0.5,unsortedUncertainTeachers,43.748763136383985
0,5,2,10,0.5,sortedUncertainTeachers,45.45001053109756
0,5,2,10,0.5,unsortedPerfectTeachers,46.33790178845002
0,5,2,10,0.5,sortedPerfectTeachers,54.105317744648104
0,10,2,10,0.5,unsortedUncertainTeachers,44.89949142619111
0,10,2,10,0.5,sortedUncertainTeachers,45.45001053109756
0,10,2,10,0.5,unsortedPerfectTeachers,47.488630078257145
0,10,2,10,0.5,sortedPerfectTeachers,54.10531774464812
0,1,2,10,0.6,unsortedUncertainTeachers,83.06006516067075
0,1,2,10,0.6,sortedUncertainTeachers,83.06006516067072
0,1,2,10,0.6,unsortedPerfectTeachers,83.06006516067075
0,1,2,10,0.6,sortedPerfectTeachers,83.06006516067076
0,2,2,10,0.6,unsortedUncertainTeachers,83.06006516067069
0,2,2,10,0.6,sortedUncertainTeachers,77.7693353152984
0,2,2,10,0.6,unsortedPerfectTeachers,83.06006516067069
0,2,2,10,0.6,sortedPerfectTeachers,87.86173863987607
0,3,2,10,0.6,unsortedUncertainTeachers,77.54011667911328
0,3,2,10,0.6,sortedUncertainTeachers,79.30347667381963
0,3,2,10,0.6,unsortedPerfectTeachers,83.06006516067069
0,3,2,10,0.6,sortedPerfectTeachers,92.22552086172902
0,5,2,10,0.6,unsortedUncertainTeachers,79.90066424969622
0,5,2,10,0.6,sortedUncertainTeachers,77.07131485716431
0,5,2,10,0.6,unsortedPerfectTeachers,83.06006516067069
0,5,2,10,0.6,sortedPerfectTeachers,91.10809719084047
0,10,2,10,0.6,unsortedUncertainTeachers,78.71266839989342
0,10,2,10,0.6,sortedUncertainTeachers,73.72204314697143
0,10,2,10,0.6,unsortedPerfectTeachers,83.06006516067069
0,10,2,10,0.6,sortedPerfectTeachers,92.4859638398617
0,1,2,10,0.7,unsortedUncertainTeachers,136.89670865617626
0,1,2,10,0.7,sortedUncertainTeachers,136.89670865617626
0,1,2,10,0.7,unsortedPerfectTeachers,140.6040143120711
0,1,2,10,0.7,sortedPerfectTeachers,140.60401431207106
0,2,2,10,0.7,unsortedUncertainTeachers,136.89670865617634
0,2,2,10,0.7,sortedUncertainTeachers,142.91036302892445
0,2,2,10,0.7,unsortedPerfectTeachers,140.93933862709224
0,2,2,10,0.7,sortedPerfectTeachers,150.40831847346195
0,3,2,10,0.7,unsortedUncertainTeachers,136.89670865617634
0,3,2,10,0.7,sortedUncertainTeachers,131.90312360419085
0,3,2,10,0.7,unsortedPerfectTeachers,140.604014312071
0,3,2,10,0.7,sortedPerfectTeachers,152.12749114787994
0,5,2,10,0.7,unsortedUncertainTeachers,136.89670865617632
0,5,2,10,0.7,sortedUncertainTeachers,139.27178825786444
0,5,2,10,0.7,unsortedPerfectTeachers,141.35124663274274
0,5,2,10,0.7,sortedPerfectTeachers,151.4195965172372
0,10,2,10,0.7,unsortedUncertainTeachers,136.8967086561763
0,10,2,10,0.7,sortedUncertainTeachers,139.27178825786444
0,10,2,10,0.7,unsortedPerfectTeachers,142.42698302038653
0,10,2,10,0.7,sortedPerfectTeachers,152.09378187975406
0,1,2,10,0.8,unsortedUncertainTeachers,219.1754428834997
0,1,2,10,0.8,sortedUncertainTeachers,219.17544288349947
0,1,2,10,0.8,unsortedPerfectTeachers,247.54628528447347
0,1,2,10,0.8,sortedPerfectTeachers,247.54628528447344
0,2,2,10,0.8,unsortedUncertainTeachers,219.1754428834994
0,2,2,10,0.8,sortedUncertainTeachers,238.3947080424266
0,2,2,10,0.8,unsortedPerfectTeachers,247.54628528447364
0,2,2,10,0.8,sortedPerfectTeachers,247.6418719010634
0,3,2,10,0.8,unsortedUncertainTeachers,238.57018812264727
0,3,2,10,0.8,sortedUncertainTeachers,233.4789581624928
0,3,2,10,0.8,unsortedPerfectTeachers,247.54628528447358
0,3,2,10,0.8,sortedPerfectTeachers,252.6326325994204
0,5,2,10,0.8,unsortedUncertainTeachers,223.02207543853538
0,5,2,10,0.8,sortedUncertainTeachers,226.7969505450918
0,5,2,10,0.8,unsortedPerfectTeachers,247.54628528447356
0,5,2,10,0.8,sortedPerfectTeachers,251.5243318118919
0,10,2,10,0.8,unsortedUncertainTeachers,231.13656744749895
0,10,2,10,0.8,sortedUncertainTeachers,231.9761574606132
0,10,2,10,0.8,unsortedPerfectTeachers,247.54628528447367
0,10,2,10,0.8,sortedPerfectTeachers,253.51335507560103
0,1,2,10,0.9,unsortedUncertainTeachers,372.5462852844739
0,1,2,10,0.9,sortedUncertainTeachers,372.5462852844736
0,1,2,10,0.9,unsortedPerfectTeachers,372.5462852844739
0,1,2,10,0.9,sortedPerfectTeachers,372.5462852844733
0,2,2,10,0.9,unsortedUncertainTeachers,372.54628528447336
0,2,2,10,0.9,sortedUncertainTeachers,372.54628528447336
0,2,2,10,0.9,unsortedPerfectTeachers,372.54628528447336
0,2,2,10,0.9,sortedPerfectTeachers,372.54628528447336
0,3,2,10,0.9,unsortedUncertainTeachers,372.54628528447336
0,3,2,10,0.9,sortedUncertainTeachers,372.54628528447336
0,3,2,10,0.9,unsortedPerfectTeachers,372.54628528447336
0,3,2,10,0.9,sortedPerfectTeachers,372.54628528447336
0,5,2,10,0.9,unsortedUncertainTeachers,372.5462852844735
0,5,2,10,0.9,sortedUncertainTeachers,372.5462852844734
0,5,2,10,0.9,unsortedPerfectTeachers,372.5462852844735
0,5,2,10,0.9,sortedPerfectTeachers,372.5462852844734
0,10,2,10,0.9,unsortedUncertainTeachers,372.5462852844735
0,10,2,10,0.9,sortedUncertainTeachers,372.5462852844735
0,10,2,10,0.9,unsortedPerfectTeachers,372.5462852844735
0,10,2,10,0.9,sortedPerfectTeachers,372.5462852844735
0,1,3,9,0.5,unsortedUncertainTeachers,49.180146883546485
0,1,3,9,0.5,sortedUncertainTeachers,49.18014688354654
0,1,3,9,0.5,unsortedPerfectTeachers,49.180146883546485
0,1,3,9,0.5,sortedPerfectTeachers,49.18014688354657
0,2,3,9,0.5,unsortedUncertainTeachers,49.18014688354651
0,2,3,9,0.5,sortedUncertainTeachers,43.50234538377788
0,2,3,9,0.5,unsortedPerfectTeachers,49.18014688354651
0,2,3,9,0.5,sortedPerfectTeachers,54.11296863801884
0,3,3,9,0.5,unsortedUncertainTeachers,49.18014688354651
0,3,3,9,0.5,sortedUncertainTeachers,47.100672148152555
0,3,3,9,0.5,unsortedPerfectTeachers,49.18014688354651
0,3,3,9,0.5,sortedPerfectTeachers,58.583338353009346
0,5,3,9,0.5,unsortedUncertainTeachers,49.18014688354651
0,5,3,9,0.5,sortedUncertainTeachers,48.51068303588976
0,5,3,9,0.5,unsortedPerfectTeachers,49.18014688354651
0,5,3,9,0.5,sortedPerfectTeachers,57.195982234563985
0,10,3,9,0.5,unsortedUncertainTeachers,48.54844098470956
0,10,3,9,0.5,sortedUncertainTeachers,44.733131954135715
0,10,3,9,0.5,unsortedPerfectTeachers,49.18014688354651
0,10,3,9,0.5,sortedPerfectTeachers,58.73748903283657
0,1,3,9,0.6,unsortedUncertainTeachers,80.38833936582907
0,1,3,9,0.6,sortedUncertainTeachers,80.38833936582914
0,1,3,9,0.6,unsortedPerfectTeachers,80.38833936582907
0,1,3,9,0.6,sortedPerfectTeachers,80.3883393658292
0,2,3,9,0.6,unsortedUncertainTeachers,80.3883393658291
0,2,3,9,0.6,sortedUncertainTeachers,74.60298671107122
0,2,3,9,0.6,unsortedPerfectTeachers,81.95502443523526
0,2,3,9,0.6,sortedPerfectTeachers,90.75886408260742
0,3,3,9,0.6,unsortedUncertainTeachers,80.38833936582911
0,3,3,9,0.6,sortedUncertainTeachers,78.38560780113168
0,3,3,9,0.6,unsortedPerfectTeachers,81.42274819681373
0,3,3,9,0.6,sortedPerfectTeachers,90.44721625170223
0,5,3,9,0.6,unsortedUncertainTeachers,80.38833936582911
0,5,3,9,0.6,sortedUncertainTeachers,80.49973721349446
0,5,3,9,0.6,unsortedPerfectTeachers,82.46494310115797
0,5,3,9,0.6,sortedPerfectTeachers,91.3589729599795
0,10,3,9,0.6,unsortedUncertainTeachers,81.1012367532756
0,10,3,9,0.6,sortedUncertainTeachers,74.92083960152526
0,10,3,9,0.6,unsortedPerfectTeachers,83.51876707557506
0,10,3,9,0.6,sortedPerfectTeachers,91.55900925243687
0,1,3,9,0.7,unsortedUncertainTeachers,143.91994287722295
0,1,3,9,0.7,sortedUncertainTeachers,143.9199428772228
0,1,3,9,0.7,unsortedPerfectTeachers,143.91994287722295
0,1,3,9,0.7,sortedPerfectTeachers,143.91994287722284
0,2,3,9,0.7,unsortedUncertainTeachers,143.91994287722287
0,2,3,9,0.7,sortedUncertainTeachers,142.59716734485434
0,2,3,9,0.7,unsortedPerfectTeachers,143.91994287722287
0,2,3,9,0.7,sortedPerfectTeachers,150.20862428697654
0,3,3,9,0.7,unsortedUncertainTeachers,140.1578888292168
0,3,3,9,0.7,sortedUncertainTeachers,141.02963105091993
0,3,3,9,0.7,unsortedPerfectTeachers,143.9199428772228
0,3,3,9,0.7,sortedPerfectTeachers,155.85029030429467
0,5,3,9,0.7,unsortedUncertainTeachers,138.6937329537126
0,5,3,9,0.7,sortedUncertainTeachers,137.53455315831673
0,5,3,9,0.7,unsortedPerfectTeachers,143.91994287722287
0,5,3,9,0.7,sortedPerfectTeachers,154.1390501680726
0,10,3,9,0.7,unsortedUncertainTeachers,137.80030970626353
0,10,3,9,0.7,sortedUncertainTeachers,140.0013771007255
0,10,3,9,0.7,unsortedPerfectTeachers,143.9199428772229
0,10,3,9,0.7,sortedPerfectTeachers,155.711220520511
0,1,3,9,0.8,unsortedUncertainTeachers,246.2203655506288
0,1,3,9,0.8,sortedUncertainTeachers,246.22036555062897
0,1,3,9,0.8,unsortedPerfectTeachers,246.2203655506288
0,1,3,9,0.8,sortedPerfectTeachers,246.22036555062925
0,2,3,9,0.8,unsortedUncertainTeachers,246.22036555062914
0,2,3,9,0.8,sortedUncertainTeachers,234.3635543649599
0,2,3,9,0.8,unsortedPerfectTeachers,246.22036555062914
0,2,3,9,0.8,sortedPerfectTeachers,246.22036555062917
0,3,3,9,0.8,unsortedUncertainTeachers,246.22036555062908
0,3,3,9,0.8,sortedUncertainTeachers,240.43592462097604
0,3,3,9,0.8,unsortedPerfectTeachers,246.22036555062908
0,3,3,9,0.8,sortedPerfectTeachers,248.41044101647392
0,5,3,9,0.8,unsortedUncertainTeachers,246.22036555062897
0,5,3,9,0.8,sortedUncertainTeachers,238.42997493877573
0,5,3,9,0.8,unsortedPerfectTeachers,246.22036555062897
0,5,3,9,0.8,sortedPerfectTeachers,248.45818453825467
0,10,3,9,0.8,unsortedUncertainTeachers,244.04931342866018
0,10,3,9,0.8,sortedUncertainTeachers,232.62803461405466
0,10,3,9,0.8,unsortedPerfectTeachers,246.22036555062903
0,10,3,9,0.8,sortedPerfectTeachers,249.5770940320674
0,1,3,9,0.9,unsortedUncertainTeachers,358.7203655506287
0,1,3,9,0.9,sortedUncertainTeachers,358.72036555062834
0,1,3,9,0.9,unsortedPerfectTeachers,358.7203655506287
0,1,3,9,0.9,sortedPerfectTeachers,358.72036555062857
0,2,3,9,0.9,unsortedUncertainTeachers,358.7203655506288
0,2,3,9,0.9,sortedUncertainTeachers,358.7203655506289
0,2,3,9,0.9,unsortedPerfectTeachers,358.7203655506288
0,2,3,9,0.9,sortedPerfectTeachers,358.7203655506292
0,3,3,9,0.9,unsortedUncertainTeachers,358.720365550629
0,3,3,9,0.9,sortedUncertainTeachers,358.720365550629
0,3,3,9,0.9,unsortedPerfectTeachers,358.720365550629
0,3,3,9,0.9,sortedPerfectTeachers,358.72036555062914
0,5,3,9,0.9,unsortedUncertainTeachers,358.72036555062897
0,5,3,9,0.9,sortedUncertainTeachers,358.72036555062897
0,5,3,9,0.9,unsortedPerfectTeachers,358.72036555062897
0,5,3,9,0.9,sortedPerfectTeachers,358.720365550629
0,10,3,9,0.9,unsortedUncertainTeachers,358.72036555062897
0,10,3,9,0.9,sortedUncertainTeachers,358.7203655506289
0,10,3,9,0.9,unsortedPerfectTeachers,358.72036555062897
0,10,3,9,0.9,sortedPerfectTeachers,358.72036555062897
0,1,4,8,0.5,unsortedUncertainTeachers,44.48559447392566
0,1,4,8,0.5,sortedUncertainTeachers,44.48559447392565
0,1,4,8,0.5,unsortedPerfectTeachers,46.504427893652874
0,1,4,8,0.5,sortedPerfectTeachers,46.504427893652895
0,2,4,8,0.5,unsortedUncertainTeachers,44.48559447392569
0,2,4,8,0.5,sortedUncertainTeachers,42.36574751761076
0,2,4,8,0.5,unsortedPerfectTeachers,47.51384460351656
0,2,4,8,0.5,sortedPerfectTeachers,56.59859499228923
0,3,4,8,0.5,unsortedUncertainTeachers,44.48559447392568
0,3,4,8,0.5,sortedUncertainTeachers,39.653766917323566
0,3,4,8,0.5,unsortedPerfectTeachers,46.84090013027415
0,3,4,8,0.5,sortedPerfectTeachers,56.598594992289236
0,5,4,8,0.5,unsortedUncertainTeachers,47.177372366895355
0,5,4,8,0.5,sortedUncertainTeachers,47.15716965957783
0,5,4,8,0.5,unsortedPerfectTeachers,47.51384460351657
0,5,4,8,0.5,sortedPerfectTeachers,56.59859499228925
0,10,4,8,0.5,unsortedUncertainTeachers,47.51384460351657
0,10,4,8,0.5,sortedUncertainTeachers,48.50305860606268
0,10,4,8,0.5,unsortedPerfectTeachers,48.859733550001415
0,10,4,8,0.5,sortedPerfectTeachers,56.598594992289264
0,1,4,8,0.6,unsortedUncertainTeachers,84.26995643173358
0,1,4,8,0.6,sortedUncertainTeachers,84.26995643173358
0,1,4,8,0.6,unsortedPerfectTeachers,84.26995643173358
0,1,4,8,0.6,sortedPerfectTeachers,84.26995643173356
0,2,4,8,0.6,unsortedUncertainTeachers,84.26995643173353
0,2,4,8,0.6,sortedUncertainTeachers,81.93817931967217
0,2,4,8,0.6,unsortedPerfectTeachers,84.26995643173353
0,2,4,8,0.6,sortedPerfectTeachers,89.9767555347533
0,3,4,8,0.6,unsortedUncertainTeachers,84.26995643173353
0,3,4,8,0.6,sortedUncertainTeachers,84.22872895306965
0,3,4,8,0.6,unsortedPerfectTeachers,84.26995643173353
0,3,4,8,0.6,sortedPerfectTeachers,95.08373251327436
0,5,4,8,0.6,unsortedUncertainTeachers,84.26995643173355
0,5,4,8,0.6,sortedUncertainTeachers,80.9723103447215
0,5,4,8,0.6,unsortedPerfectTeachers,84.26995643173355
0,5,4,8,0.6,sortedPerfectTeachers,93.54350497414063
0,10,4,8,0.6,unsortedUncertainTeachers,83.50691176918279
0,10,4,8,0.6,sortedUncertainTeachers,80.92726025006736
0,10,4,8,0.6,unsortedPerfectTeachers,84.26995643173355
0,10,4,8,0.6,sortedPerfectTeachers,94.97020474989556
0,1,4,8,0.7,unsortedUncertainTeachers,143.96491644762162
0,1,4,8,0.7,sortedUncertainTeachers,143.96491644762162
0,1,4,8,0.7,unsortedPerfectTeachers,143.96491644762162
0,1,4,8,0.7,sortedPerfectTeachers,143.96491644762162
0,2,4,8,0.7,unsortedUncertainTeachers,143.96491644762162
0,2,4,8,0.7,sortedUncertainTeachers,141.1439135258729
0,2,4,8,0.7,unsortedPerfectTeachers,143.96491644762162
0,2,4,8,0.7,sortedPerfectTeachers,151.13104590611005
0,3,4,8,0.7,unsortedUncertainTeachers,143.96491644762165
0,3,4,8,0.7,sortedUncertainTeachers,143.89790753276927
0,3,4,8,0.7,unsortedPerfectTeachers,143.96491644762165
0,3,4,8,0.7,sortedPerfectTeachers,156.3857225103067
0,5,4,8,0.7,unsortedUncertainTeachers,143.96491644762165
0,5,4,8,0.7,sortedUncertainTeachers,146.24774012514246
0,5,4,8,0.7,unsortedPerfectTeachers,144.02567050780908
0,5,4,8,0.7,sortedPerfectTeachers,155.5894145661534
0,10,4,8,0.7,unsortedUncertainTeachers,143.96491644762165
0,10,4,8,0.7,sortedUncertainTeachers,142.53420361336163
0,10,4,8,0.7,unsortedPerfectTeachers,144.1006539933732
0,10,4,8,0.7,sortedPerfectTeachers,157.07553745283454
0,1,4,8,0.8,unsortedUncertainTeachers,242.66137704543897
0,1,4,8,0.8,sortedUncertainTeachers,242.66137704543922
0,1,4,8,0.8,unsortedPerfectTeachers,242.66137704543897
0,1,4,8,0.8,sortedPerfectTeachers,242.6613770454394
0,2,4,8,0.8,unsortedUncertainTeachers,242.66137704543905
0,2,4,8,0.8,sortedUncertainTeachers,242.66137704543914
0,2,4,8,0.8,unsortedPerfectTeachers,242.66137704543905
0,2,4,8,0.8,sortedPerfectTeachers,242.66137704543925
0,3,4,8,0.8,unsortedUncertainTeachers,242.66137704543917
0,3,4,8,0.8,sortedUncertainTeachers,234.22440224500656
0,3,4,8,0.8,unsortedPerfectTeachers,242.66137704543917
0,3,4,8,0.8,sortedPerfectTeachers,242.66137704543917
0,5,4,8,0.8,unsortedUncertainTeachers,242.66137704543922
0,5,4,8,0.8,sortedUncertainTeachers,239.4172130706164
0,5,4,8,0.8,unsortedPerfectTeachers,242.66137704543922
0,5,4,8,0.8,sortedPerfectTeachers,242.99299243697834
0,10,4,8,0.8,unsortedUncertainTeachers,242.66137704543917
0,10,4,8,0.8,sortedUncertainTeachers,239.41721307061644
0,10,4,8,0.8,unsortedPerfectTeachers,242.66137704543917
0,10,4,8,0.8,sortedPerfectTeachers,243.15880013274793
0,1,4,8,0.9,unsortedUncertainTeachers,342.66137704543866
0,1,4,8,0.9,sortedUncertainTeachers,342.6613770454388
0,1,4,8,0.9,unsortedPerfectTeachers,342.66137704543866
0,1,4,8,0.9,sortedPerfectTeachers,342.66137704543894
0,2,4,8,0.9,unsortedUncertainTeachers,342.6613770454388
0,2,4,8,0.9,sortedUncertainTeachers,342.66137704543905
0,2,4,8,0.9,unsortedPerfectTeachers,342.6613770454388
0,2,4,8,0.9,sortedPerfectTeachers,342.6613770454392
0,3,4,8,0.9,unsortedUncertainTeachers,342.66137704543894
0,3,4,8,0.9,sortedUncertainTeachers,342.66137704543894
0,3,4,8,0.9,unsortedPerfectTeachers,342.66137704543894
0,3,4,8,0.9,sortedPerfectTeachers,342.66137704543905
0,5,4,8,0.9,unsortedUncertainTeachers,342.6613770454389
0,5,4,8,0.9,sortedUncertainTeachers,342.66137704543894
0,5,4,8,0.9,unsortedPerfectTeachers,342.6613770454389
0,5,4,8,0.9,sortedPerfectTeachers,342.66137704543894
0,10,4,8,0.9,unsortedUncertainTeachers,342.661377045439
0,10,4,8,0.9,sortedUncertainTeachers,342.66137704543894
0,10,4,8,0.9,unsortedPerfectTeachers,342.661377045439
0,10,4,8,0.9,sortedPerfectTeachers,342.66137704543894
0,1,5,7,0.5,unsortedUncertainTeachers,49.81414625138588
0,1,5,7,0.5,sortedUncertainTeachers,49.81414625138591
0,1,5,7,0.5,unsortedPerfectTeachers,49.81414625138588
0,1,5,7,0.5,sortedPerfectTeachers,49.81414625138594
0,2,5,7,0.5,unsortedUncertainTeachers,49.81414625138597
0,2,5,7,0.5,sortedUncertainTeachers,43.035501208393086
0,2,5,7,0.5,unsortedPerfectTeachers,49.81414625138597
0,2,5,7,0.5,sortedPerfectTeachers,55.648436068792535
0,3,5,7,0.5,unsortedUncertainTeachers,49.814146251385964
0,3,5,7,0.5,sortedUncertainTeachers,50.675149565141496
0,3,5,7,0.5,unsortedPerfectTeachers,49.814146251385964
0,3,5,7,0.5,sortedPerfectTeachers,60.9357612158172
0,5,5,7,0.5,unsortedUncertainTeachers,49.814146251385964
0,5,5,7,0.5,sortedUncertainTeachers,40.01786671426659
0,5,5,7,0.5,unsortedPerfectTeachers,49.814146251385964
0,5,5,7,0.5,sortedPerfectTeachers,59.29486720467159
0,10,5,7,0.5,unsortedUncertainTeachers,49.81414625138598
0,10,5,7,0.5,sortedUncertainTeachers,43.463399909748794
0,10,5,7,0.5,unsortedPerfectTeachers,49.81414625138598
0,10,5,7,0.5,sortedPerfectTeachers,61.11808277261112
0,1,5,7,0.6,unsortedUncertainTeachers,83.39031572691124
0,1,5,7,0.6,sortedUncertainTeachers,83.3903157269113
0,1,5,7,0.6,unsortedPerfectTeachers,83.39031572691124
0,1,5,7,0.6,sortedPerfectTeachers,83.39031572691133
0,2,5,7,0.6,unsortedUncertainTeachers,83.39031572691124
0,2,5,7,0.6,sortedUncertainTeachers,76.47466645584494
0,2,5,7,0.6,unsortedPerfectTeachers,83.39031572691124
0,2,5,7,0.6,sortedPerfectTeachers,91.49211865123294
0,3,5,7,0.6,unsortedUncertainTeachers,78.7590538987474
0,3,5,7,0.6,sortedUncertainTeachers,72.72930378702009
0,3,5,7,0.6,unsortedPerfectTeachers,83.39031572691125
0,3,5,7,0.6,sortedPerfectTeachers,94.97682110436135
0,5,5,7,0.6,unsortedUncertainTeachers,80.45296302585334
0,5,5,7,0.6,sortedUncertainTeachers,77.49918595487844
0,5,5,7,0.6,unsortedPerfectTeachers,84.12851534946488
0,5,5,7,0.6,sortedPerfectTeachers,94.78059228929567
0,10,5,7,0.6,unsortedUncertainTeachers,80.91809572486449
0,10,5,7,0.6,sortedUncertainTeachers,77.10569125669598
0,10,5,7,0.6,unsortedPerfectTeachers,84.12851534946489
0,10,5,7,0.6,sortedPerfectTeachers,95.87675016864992
0,1,5,7,0.7,unsortedUncertainTeachers,136.42490709747725
0,1,5,7,0.7,sortedUncertainTeachers,136.4249070974771
0,1,5,7,0.7,unsortedPerfectTeachers,140.04159196883927
0,1,5,7,0.7,sortedPerfectTeachers,140.04159196883944
0,2,5,7,0.7,unsortedUncertainTeachers,136.4249070974771
0,2,5,7,0.7,sortedUncertainTeachers,145.89097708257324
0,2,5,7,0.7,unsortedPerfectTeachers,141.16866903836905
0,2,5,7,0.7,sortedPerfectTeachers,153.66381406099995
0,3,5,7,0.7,unsortedUncertainTeachers,136.4249070974771
0,3,5,7,0.7,sortedUncertainTeachers,143.74073345079626
0,3,5,7,0.7,unsortedPerfectTeachers,140.7352299804042
0,3,5,7,0.7,sortedPerfectTeachers,153.31465517903496
0,5,5,7,0.7,unsortedUncertainTeachers,136.42490709747713
0,5,5,7,0.7,sortedUncertainTeachers,143.55575793272584
0,5,5,7,0.7,unsortedPerfectTeachers,142.59064527183864
0,5,5,7,0.7,sortedPerfectTeachers,154.58869165135172
0,10,5,7,0.7,unsortedUncertainTeachers,139.5426234475228
0,10,5,7,0.7,sortedUncertainTeachers,145.5957593027793
0,10,5,7,0.7,unsortedPerfectTeachers,143.5699541435444
0,10,5,7,0.7,sortedPerfectTeachers,154.89698418146892
0,1,5,7,0.8,unsortedUncertainTeachers,236.42490709747696
0,1,5,7,0.8,sortedUncertainTeachers,236.42490709747716
0,1,5,7,0.8,unsortedPerfectTeachers,236.42490709747696
0,1,5,7,0.8,sortedPerfectTeachers,236.42490709747682
0,2,5,7,0.8,unsortedUncertainTeachers,236.42490709747722
0,2,5,7,0.8,sortedUncertainTeachers,236.42490709747716
0,2,5,7,0.8,unsortedPerfectTeachers,236.42490709747722
0,2,5,7,0.8,sortedPerfectTeachers,236.42490709747702
0,3,5,7,0.8,unsortedUncertainTeachers,236.42490709747722
0,3,5,7,0.8,sortedUncertainTeachers,236.42490709747716
0,3,5,7,0.8,unsortedPerfectTeachers,236.42490709747722
0,3,5,7,0.8,sortedPerfectTeachers,236.4249070974771
0,5,5,7,0.8,unsortedUncertainTeachers,236.42490709747713
0,5,5,7,0.8,sortedUncertainTeachers,236.42490709747716
0,5,5,7,0.8,unsortedPerfectTeachers,236.42490709747713
0,5,5,7,0.8,sortedPerfectTeachers,236.4249070974772
0,10,5,7,0.8,unsortedUncertainTeachers,236.42490709747707
0,10,5,7,0.8,sortedUncertainTeachers,233.44411706161026
0,10,5,7,0.8,unsortedPerfectTeachers,236.42490709747707
0,10,5,7,0.8,sortedPerfectTeachers,236.42490709747716
0,1,5,7,0.9,unsortedUncertainTeachers,323.9249070974773
0,1,5,7,0.9,sortedUncertainTeachers,323.9249070974772
0,1,5,7,0.9,unsortedPerfectTeachers,323.9249070974773
0,1,5,7,0.9,sortedPerfectTeachers,323.92490709747716
0,2,5,7,0.9,unsortedUncertainTeachers,323.924907097477
0,2,5,7,0.9,sortedUncertainTeachers,323.92490709747693
0,2,5,7,0.9,unsortedPerfectTeachers,323.924907097477
0,2,5,7,0.9,sortedPerfectTeachers,323.92490709747676
0,3,5,7,0.9,unsortedUncertainTeachers,323.9249070974769
0,3,5,7,0.9,sortedUncertainTeachers,323.92490709747693
0,3,5,7,0.9,unsortedPerfectTeachers,323.9249070974769
0,3,5,7,0.9,sortedPerfectTeachers,323.92490709747676
0,5,5,7,0.9,unsortedUncertainTeachers,323.92490709747693
0,5,5,7,0.9,sortedUncertainTeachers,323.92490709747693
0,5,5,7,0.9,unsortedPerfectTeachers,323.92490709747693
0,5,5,7,0.9,sortedPerfectTeachers,323.9249070974768
0,10,5,7,0.9,unsortedUncertainTeachers,323.92490709747693
0,10,5,7,0.9,sortedUncertainTeachers,323.924907097477
0,10,5,7,0.9,unsortedPerfectTeachers,323.92490709747693
0,10,5,7,0.9,sortedPerfectTeachers,323.92490709747693
0,1,6,6,0.5,unsortedUncertainTeachers,45.4011717836072
0,1,6,6,0.5,sortedUncertainTeachers,45.40117178360717
0,1,6,6,0.5,unsortedPerfectTeachers,45.4011717836072
0,1,6,6,0.5,sortedPerfectTeachers,45.40117178360716
0,2,6,6,0.5,unsortedUncertainTeachers,45.40117178360714
0,2,6,6,0.5,sortedUncertainTeachers,27.493392760734707
0,2,6,6,0.5,unsortedPerfectTeachers,46.61756710793162
0,2,6,6,0.5,sortedPerfectTeachers,57.56512502685209
0,3,6,6,0.5,unsortedUncertainTeachers,45.401171783607126
0,3,6,6,0.5,sortedUncertainTeachers,41.57014758977928
0,3,6,6,0.5,unsortedPerfectTeachers,45.806636891715286
0,3,6,6,0.5,sortedPerfectTeachers,57.56512502685209
0,5,6,6,0.5,unsortedUncertainTeachers,45.40117178360713
0,5,6,6,0.5,sortedUncertainTeachers,20.260687849305107
0,5,6,6,0.5,unsortedPerfectTeachers,46.61756710793162
0,5,6,6,0.5,sortedPerfectTeachers,57.56512502685207
0,10,6,6,0.5,unsortedUncertainTeachers,46.61756710793163
0,10,6,6,0.5,sortedUncertainTeachers,26.17983368795656
0,10,6,6,0.5,unsortedPerfectTeachers,48.23942754036429
0,10,6,6,0.5,sortedPerfectTeachers,57.56512502685206
0,1,6,6,0.6,unsortedUncertainTeachers,81.19642229631361
0,1,6,6,0.6,sortedUncertainTeachers,81.19642229631357
0,1,6,6,0.6,unsortedPerfectTeachers,81.19642229631361
0,1,6,6,0.6,sortedPerfectTeachers,81.19642229631357
0,2,6,6,0.6,unsortedUncertainTeachers,81.1964222963135
0,2,6,6,0.6,sortedUncertainTeachers,76.71674857724642
0,2,6,6,0.6,unsortedPerfectTeachers,81.1964222963135
0,2,6,6,0.6,sortedPerfectTeachers,92.22466027009297
0,3,6,6,0.6,unsortedUncertainTeachers,81.1964222963135
0,3,6,6,0.6,sortedUncertainTeachers,76.04883440246559
0,3,6,6,0.6,unsortedPerfectTeachers,81.1964222963135
0,3,6,6,0.6,sortedPerfectTeachers,94.49593975657653
0,5,6,6,0.6,unsortedUncertainTeachers,81.1964222963135
0,5,6,6,0.6,sortedUncertainTeachers,77.32144803304222
0,5,6,6,0.6,unsortedPerfectTeachers,81.81306093616828
0,5,6,6,0.6,sortedPerfectTeachers,93.560707026848
0,10,6,6,0.6,unsortedUncertainTeachers,78.8656663263528
0,10,6,6,0.6,sortedUncertainTeachers,69.3022413655082
0,10,6,6,0.6,unsortedPerfectTeachers,82.83516468413126
0,10,6,6,0.6,sortedPerfectTeachers,94.4514048646847
0,1,6,6,0.7,unsortedUncertainTeachers,141.20272031765788
0,1,6,6,0.7,sortedUncertainTeachers,141.2027203176579
0,1,6,6,0.7,unsortedPerfectTeachers,141.20272031765788
0,1,6,6,0.7,sortedPerfectTeachers,141.20272031765785
0,2,6,6,0.7,unsortedUncertainTeachers,141.20272031765785
0,2,6,6,0.7,sortedUncertainTeachers,146.10502758555657
0,2,6,6,0.7,unsortedPerfectTeachers,141.20272031765785
0,2,6,6,0.7,sortedPerfectTeachers,152.2375083589987
0,3,6,6,0.7,unsortedUncertainTeachers,141.20272031765782
0,3,6,6,0.7,sortedUncertainTeachers,148.78780722199662
0,3,6,6,0.7,unsortedPerfectTeachers,141.20272031765782
0,3,6,6,0.7,sortedPerfectTeachers,153.98344473241622
0,5,6,6,0.7,unsortedUncertainTeachers,141.20272031765785
0,5,6,6,0.7,sortedUncertainTeachers,141.1422913693422
0,5,6,6,0.7,unsortedPerfectTeachers,141.25148576986822
0,5,6,6,0.7,sortedPerfectTeachers,153.26452975512666
0,10,6,6,0.7,unsortedUncertainTeachers,141.2027203176578
0,10,6,6,0.7,sortedUncertainTeachers,146.20439748713724
0,10,6,6,0.7,unsortedPerfectTeachers,142.32947877133358
0,10,6,6,0.7,sortedPerfectTeachers,154.29155115125462
0,1,6,6,0.8,unsortedUncertainTeachers,226.91700603194346
0,1,6,6,0.8,sortedUncertainTeachers,226.9170060319436
0,1,6,6,0.8,unsortedPerfectTeachers,226.91700603194346
0,1,6,6,0.8,sortedPerfectTeachers,226.91700603194363
0,2,6,6,0.8,unsortedUncertainTeachers,226.91700603194357
0,2,6,6,0.8,sortedUncertainTeachers,226.91700603194357
0,2,6,6,0.8,unsortedPerfectTeachers,226.91700603194357
0,2,6,6,0.8,sortedPerfectTeachers,226.91700603194363
0,3,6,6,0.8,unsortedUncertainTeachers,226.91700603194346
0,3,6,6,0.8,sortedUncertainTeachers,226.91700603194352
0,3,6,6,0.8,unsortedPerfectTeachers,226.91700603194346
0,3,6,6,0.8,sortedPerfectTeachers,226.91700603194357
0,5,6,6,0.8,unsortedUncertainTeachers,226.9170060319435
0,5,6,6,0.8,sortedUncertainTeachers,226.91700603194352
0,5,6,6,0.8,unsortedPerfectTeachers,226.9170060319435
0,5,6,6,0.8,sortedPerfectTeachers,226.91700603194352
0,10,6,6,0.8,unsortedUncertainTeachers,226.91700603194354
0,10,6,6,0.8,sortedUncertainTeachers,223.23438871237298
0,10,6,6,0.8,unsortedPerfectTeachers,226.91700603194354
0,10,6,6,0.8,sortedPerfectTeachers,226.91700603194352
0,1,6,6,0.9,unsortedUncertainTeachers,301.91700603194363
0,1,6,6,0.9,sortedUncertainTeachers,301.9170060319435
0,1,6,6,0.9,unsortedPerfectTeachers,301.91700603194363
0,1,6,6,0.9,sortedPerfectTeachers,301.91700603194363
0,2,6,6,0.9,unsortedUncertainTeachers,301.9170060319432
0,2,6,6,0.9,sortedUncertainTeachers,301.9170060319433
0,2,6,6,0.9,unsortedPerfectTeachers,301.9170060319432
0,2,6,6,0.9,sortedPerfectTeachers,301.9170060319434
0,3,6,6,0.9,unsortedUncertainTeachers,301.9170060319432
0,3,6,6,0.9,sortedUncertainTeachers,301.9170060319433
0,3,6,6,0.9,unsortedPerfectTeachers,301.9170060319432
0,3,6,6,0.9,sortedPerfectTeachers,301.9170060319433
0,5,6,6,0.9,unsortedUncertainTeachers,301.91700603194334
0,5,6,6,0.9,sortedUncertainTeachers,301.91700603194334
0,5,6,6,0.9,unsortedPerfectTeachers,301.91700603194334
0,5,6,6,0.9,sortedPerfectTeachers,301.9170060319433
0,10,6,6,0.9,unsortedUncertainTeachers,301.91700603194334
0,10,6,6,0.9,sortedUncertainTeachers,301.9170060319434
0,10,6,6,0.9,unsortedPerfectTeachers,301.91700603194334
0,10,6,6,0.9,sortedPerfectTeachers,301.9170060319434
0,1,7,5,0.5,unsortedUncertainTeachers,48.08642464761182
0,1,7,5,0.5,sortedUncertainTeachers,48.086424647611786
0,1,7,5,0.5,unsortedPerfectTeachers,48.08642464761182
0,1,7,5,0.5,sortedPerfectTeachers,48.08642464761178
0,2,7,5,0.5,unsortedUncertainTeachers,40.68494921276661
0,2,7,5,0.5,sortedUncertainTeachers,28.992799430416984
0,2,7,5,0.5,unsortedPerfectTeachers,48.0864246476118
0,2,7,5,0.5,sortedPerfectTeachers,55.22701828966648
0,3,7,5,0.5,unsortedUncertainTeachers,43.21067785707485
0,3,7,5,0.5,sortedUncertainTeachers,20.927147289408733
0,3,7,5,0.5,unsortedPerfectTeachers,48.086424647611786
0,3,7,5,0.5,sortedPerfectTeachers,61.69818127777859
0,5,7,5,0.5,unsortedUncertainTeachers,42.98753430576064
0,5,7,5,0.5,sortedUncertainTeachers,24.815453768219573
0,5,7,5,0.5,unsortedPerfectTeachers,48.08642464761178
0,5,7,5,0.5,sortedPerfectTeachers,59.689889315950715
0,10,7,5,0.5,unsortedUncertainTeachers,36.502349602789614
0,10,7,5,0.5,sortedUncertainTeachers,25.61316186700716
0,10,7,5,0.5,unsortedPerfectTeachers,48.08642464761178
0,10,7,5,0.5,sortedPerfectTeachers,61.92132482909284
0,1,7,5,0.6,unsortedUncertainTeachers,58.55523529223111
0,1,7,5,0.6,sortedUncertainTeachers,58.555235292231146
0,1,7,5,0.6,unsortedPerfectTeachers,82.7382963334418
0,1,7,5,0.6,sortedPerfectTeachers,82.7382963334419
0,2,7,5,0.6,unsortedUncertainTeachers,73.82523622306971
0,2,7,5,0.6,sortedUncertainTeachers,84.5339526395147
0,2,7,5,0.6,unsortedPerfectTeachers,82.73829633344192
0,2,7,5,0.6,sortedPerfectTeachers,90.25835440137362
0,3,7,5,0.6,unsortedUncertainTeachers,68.36758896479131
0,3,7,5,0.6,sortedUncertainTeachers,81.97111399267774
0,3,7,5,0.6,unsortedPerfectTeachers,82.73829633344195
0,3,7,5,0.6,sortedPerfectTeachers,97.0652616594997
0,5,7,5,0.6,unsortedUncertainTeachers,65.54508706068479
0,5,7,5,0.6,sortedUncertainTeachers,76.04625151545424
0,5,7,5,0.6,unsortedPerfectTeachers,82.73829633344194
0,5,7,5,0.6,sortedPerfectTeachers,94.95839069383099
0,10,7,5,0.6,unsortedUncertainTeachers,70.09530852422004
0,10,7,5,0.6,sortedUncertainTeachers,72.92224179705532
0,10,7,5,0.6,unsortedPerfectTeachers,82.73829633344195
0,10,7,5,0.6,sortedPerfectTeachers,97.2269551806889
0,1,7,5,0.7,unsortedUncertainTeachers,141.88856862556443
0,1,7,5,0.7,sortedUncertainTeachers,141.88856862556435
0,1,7,5,0.7,unsortedPerfectTeachers,141.88856862556443
0,1,7,5,0.7,sortedPerfectTeachers,141.88856862556437
0,2,7,5,0.7,unsortedUncertainTeachers,141.88856862556437
0,2,7,5,0.7,sortedUncertainTeachers,141.8885686255643
0,2,7,5,0.7,unsortedPerfectTeachers,141.88856862556437
0,2,7,5,0.7,sortedPerfectTeachers,145.8344012916243
0,3,7,5,0.7,unsortedUncertainTeachers,141.88856862556437
0,3,7,5,0.7,sortedUncertainTeachers,145.9031972360013
0,3,7,5,0.7,unsortedPerfectTeachers,141.88856862556437
0,3,7,5,0.7,sortedPerfectTeachers,150.20089922210528
0,5,7,5,0.7,unsortedUncertainTeachers,141.88856862556437
0,5,7,5,0.7,sortedUncertainTeachers,145.23536121448436
0,5,7,5,0.7,unsortedPerfectTeachers,141.88856862556437
0,5,7,5,0.7,sortedPerfectTeachers,148.40292948602493
0,10,7,5,0.7,unsortedUncertainTeachers,141.88856862556437
0,10,7,5,0.7,sortedUncertainTeachers,142.19682939083802
0,10,7,5,0.7,unsortedPerfectTeachers,141.88856862556437
0,10,7,5,0.7,sortedPerfectTeachers,150.97145768042543
0,1,7,5,0.8,unsortedUncertainTeachers,213.31714005413576
0,1,7,5,0.8,sortedUncertainTeachers,213.31714005413554
0,1,7,5,0.8,unsortedPerfectTeachers,213.31714005413576
0,1,7,5,0.8,sortedPerfectTeachers,213.3171400541356
0,2,7,5,0.8,unsortedUncertainTeachers,213.31714005413588
0,2,7,5,0.8,sortedUncertainTeachers,213.31714005413576
0,2,7,5,0.8,unsortedPerfectTeachers,213.31714005413588
0,2,7,5,0.8,sortedPerfectTeachers,213.3171400541358
0,3,7,5,0.8,unsortedUncertainTeachers,213.31714005413582
0,3,7,5,0.8,sortedUncertainTeachers,213.31714005413585
0,3,7,5,0.8,unsortedPerfectTeachers,213.31714005413582
0,3,7,5,0.8,sortedPerfectTeachers,213.31714005413585
0,5,7,5,0.8,unsortedUncertainTeachers,213.3171400541358
0,5,7,5,0.8,sortedUncertainTeachers,213.3171400541358
0,5,7,5,0.8,unsortedPerfectTeachers,213.3171400541358
0,5,7,5,0.8,sortedPerfectTeachers,213.31714005413588
0,10,7,5,0.8,unsortedUncertainTeachers,213.3171400541358
0,10,7,5,0.8,sortedUncertainTeachers,209.35658252258267
0,10,7,5,0.8,unsortedPerfectTeachers,213.3171400541358
0,10,7,5,0.8,sortedPerfectTeachers,213.31714005413582
0,1,7,5,0.9,unsortedUncertainTeachers,275.81714005413556
0,1,7,5,0.9,sortedUncertainTeachers,275.81714005413534
0,1,7,5,0.9,unsortedPerfectTeachers,275.81714005413556
0,1,7,5,0.9,sortedPerfectTeachers,275.8171400541355
0,2,7,5,0.9,unsortedUncertainTeachers,275.8171400541356
0,2,7,5,0.9,sortedUncertainTeachers,275.8171400541355
0,2,7,5,0.9,unsortedPerfectTeachers,275.8171400541356
0,2,7,5,0.9,sortedPerfectTeachers,275.81714005413545
0,3,7,5,0.9,unsortedUncertainTeachers,275.8171400541356
0,3,7,5,0.9,sortedUncertainTeachers,275.8171400541356
0,3,7,5,0.9,unsortedPerfectTeachers,275.8171400541356
0,3,7,5,0.9,sortedPerfectTeachers,275.8171400541355
0,5,7,5,0.9,unsortedUncertainTeachers,275.81714005413556
0,5,7,5,0.9,sortedUncertainTeachers,275.8171400541356
0,5,7,5,0.9,unsortedPerfectTeachers,275.81714005413556
0,5,7,5,0.9,sortedPerfectTeachers,275.81714005413556
0,10,7,5,0.9,unsortedUncertainTeachers,275.8171400541356
0,10,7,5,0.9,sortedUncertainTeachers,275.81714005413556
0,10,7,5,0.9,unsortedPerfectTeachers,275.8171400541356
0,10,7,5,0.9,sortedPerfectTeachers,275.81714005413556
0,1,8,4,0.5,unsortedUncertainTeachers,40.959600763229076
0,1,8,4,0.5,sortedUncertainTeachers,40.959600763229076
0,1,8,4,0.5,unsortedPerfectTeachers,40.959600763229076
0,1,8,4,0.5,sortedPerfectTeachers,40.95960076322907
0,2,8,4,0.5,unsortedUncertainTeachers,40.95960076322909
0,2,8,4,0.5,sortedUncertainTeachers,30.869108705994613
0,2,8,4,0.5,unsortedPerfectTeachers,42.492077634527064
0,2,8,4,0.5,sortedPerfectTeachers,56.2843694762088
0,3,8,4,0.5,unsortedUncertainTeachers,40.959600763229076
0,3,8,4,0.5,sortedUncertainTeachers,43.94759346468889
0,3,8,4,0.5,unsortedPerfectTeachers,41.47042638699506
0,3,8,4,0.5,sortedPerfectTeachers,56.28436947620881
0,5,8,4,0.5,unsortedUncertainTeachers,42.49207763452705
0,5,8,4,0.5,sortedUncertainTeachers,37.15293827345876
0,5,8,4,0.5,unsortedPerfectTeachers,42.49207763452705
0,5,8,4,0.5,sortedPerfectTeachers,56.28436947620881
0,10,8,4,0.5,unsortedUncertainTeachers,39.27320180965886
0,10,8,4,0.5,sortedUncertainTeachers,42.84898117602079
0,10,8,4,0.5,unsortedPerfectTeachers,44.535380129591026
0,10,8,4,0.5,sortedPerfectTeachers,56.28436947620881
0,1,8,4,0.6,unsortedUncertainTeachers,70.63316089514223
0,1,8,4,0.6,sortedUncertainTeachers,70.63316089514223
0,1,8,4,0.6,unsortedPerfectTeachers,75.95960076322919
0,1,8,4,0.6,sortedPerfectTeachers,75.9596007632292
0,2,8,4,0.6,unsortedUncertainTeachers,70.6331608951422
0,2,8,4,0.6,sortedUncertainTeachers,88.59999182940308
0,2,8,4,0.6,unsortedPerfectTeachers,76.66917873632613
0,2,8,4,0.6,sortedPerfectTeachers,91.30804203050528
0,3,8,4,0.6,unsortedUncertainTeachers,70.6331608951422
0,3,8,4,0.6,sortedUncertainTeachers,82.03683787125445
0,3,8,4,0.6,unsortedPerfectTeachers,76.40162059245836
0,3,8,4,0.6,sortedPerfectTeachers,91.7343694762089
0,5,8,4,0.6,unsortedUncertainTeachers,70.63316089514221
0,5,8,4,0.6,sortedUncertainTeachers,88.69742244329699
0,5,8,4,0.6,unsortedPerfectTeachers,78.67577119576501
0,5,8,4,0.6,sortedPerfectTeachers,93.13281074348501
0,10,8,4,0.6,unsortedUncertainTeachers,72.64787358601473
0,10,8,4,0.6,sortedUncertainTeachers,83.17577119576501
0,10,8,4,0.6,unsortedPerfectTeachers,79.62858163359454
0,10,8,4,0.6,sortedPerfectTeachers,93.74106698114491
0,1,8,4,0.7,unsortedUncertainTeachers,137.29982756180883
0,1,8,4,0.7,sortedUncertainTeachers,137.29982756180877
0,1,8,4,0.7,unsortedPerfectTeachers,137.29982756180883
0,1,8,4,0.7,sortedPerfectTeachers,137.29982756180877
0,2,8,4,0.7,unsortedUncertainTeachers,137.29982756180877
0,2,8,4,0.7,sortedUncertainTeachers,137.29982756180877
0,2,8,4,0.7,unsortedPerfectTeachers,137.29982756180877
0,2,8,4,0.7,sortedPerfectTeachers,137.29982756180877
0,3,8,4,0.7,unsortedUncertainTeachers,137.29982756180877
0,3,8,4,0.7,sortedUncertainTeachers,137.29982756180874
0,3,8,4,0.7,unsortedPerfectTeachers,137.29982756180877
0,3,8,4,0.7,sortedPerfectTeachers,140.44067309315002
0,5,8,4,0.7,unsortedUncertainTeachers,137.29982756180874
0,5,8,4,0.7,sortedUncertainTeachers,138.5087133404646
0,5,8,4,0.7,unsortedPerfectTeachers,137.29982756180874
0,5,8,4,0.7,sortedPerfectTeachers,140.27207333517094
0,10,8,4,0.7,unsortedUncertainTeachers,137.2998275618087
0,10,8,4,0.7,sortedUncertainTeachers,133.0953183305925
0,10,8,4,0.7,unsortedPerfectTeachers,137.2998275618087
0,10,8,4,0.7,sortedPerfectTeachers,141.75819622185202
0,1,8,4,0.8,unsortedUncertainTeachers,194.44268470466594
0,1,8,4,0.8,sortedUncertainTeachers,194.44268470466605
0,1,8,4,0.8,unsortedPerfectTeachers,194.44268470466594
0,1,8,4,0.8,sortedPerfectTeachers,194.4426847046661
0,2,8,4,0.8,unsortedUncertainTeachers,194.4426847046658
0,2,8,4,0.8,sortedUncertainTeachers,194.44268470466585
0,2,8,4,0.8,unsortedPerfectTeachers,194.4426847046658
0,2,8,4,0.8,sortedPerfectTeachers,194.44268470466594
0,3,8,4,0.8,unsortedUncertainTeachers,194.4426847046658
0,3,8,4,0.8,sortedUncertainTeachers,194.44268470466585
0,3,8,4,0.8,unsortedPerfectTeachers,194.4426847046658
0,3,8,4,0.8,sortedPerfectTeachers,194.44268470466588
0,5,8,4,0.8,unsortedUncertainTeachers,194.44268470466588
0,5,8,4,0.8,sortedUncertainTeachers,194.44268470466588
0,5,8,4,0.8,unsortedPerfectTeachers,194.44268470466588
0,5,8,4,0.8,sortedPerfectTeachers,194.4426847046659
0,10,8,4,0.8,unsortedUncertainTeachers,194.4426847046659
0,10,8,4,0.8,sortedUncertainTeachers,194.4426847046659
0,10,8,4,0.8,unsortedPerfectTeachers,194.4426847046659
0,10,8,4,0.8,sortedPerfectTeachers,194.4426847046659
0,1,8,4,0.9,unsortedUncertainTeachers,244.4426847046655
0,1,8,4,0.9,sortedUncertainTeachers,244.44268470466534
0,1,8,4,0.9,unsortedPerfectTeachers,244.4426847046655
0,1,8,4,0.9,sortedPerfectTeachers,244.4426847046653
0,2,8,4,0.9,unsortedUncertainTeachers,244.44268470466574
0,2,8,4,0.9,sortedUncertainTeachers,244.44268470466562
0,2,8,4,0.9,unsortedPerfectTeachers,244.44268470466574
0,2,8,4,0.9,sortedPerfectTeachers,244.44268470466562
0,3,8,4,0.9,unsortedUncertainTeachers,244.4426847046657
0,3,8,4,0.9,sortedUncertainTeachers,244.4426847046657
0,3,8,4,0.9,unsortedPerfectTeachers,244.4426847046657
0,3,8,4,0.9,sortedPerfectTeachers,244.44268470466574
0,5,8,4,0.9,unsortedUncertainTeachers,244.44268470466565
0,5,8,4,0.9,sortedUncertainTeachers,244.44268470466568
0,5,8,4,0.9,unsortedPerfectTeachers,244.44268470466565
0,5,8,4,0.9,sortedPerfectTeachers,244.4426847046657
0,10,8,4,0.9,unsortedUncertainTeachers,244.44268470466565
0,10,8,4,0.9,sortedUncertainTeachers,244.44268470466562
0,10,8,4,0.9,unsortedPerfectTeachers,244.44268470466565
0,10,8,4,0.9,sortedPerfectTeachers,244.44268470466568
0,1,9,3,0.5,unsortedUncertainTeachers,42.54612670188873
0,1,9,3,0.5,sortedUncertainTeachers,42.546126701888724
0,1,9,3,0.5,unsortedPerfectTeachers,42.54612670188873
0,1,9,3,0.5,sortedPerfectTeachers,42.54612670188873
0,2,9,3,0.5,unsortedUncertainTeachers,32.75461072372484
0,2,9,3,0.5,sortedUncertainTeachers,43.324143390064236
0,2,9,3,0.5,unsortedPerfectTeachers,42.54612670188874
0,2,9,3,0.5,sortedPerfectTeachers,51.75195302034576
0,3,9,3,0.5,unsortedUncertainTeachers,42.546126701888745
0,3,9,3,0.5,sortedUncertainTeachers,27.544548404931714
0,3,9,3,0.5,unsortedPerfectTeachers,42.546126701888745
0,3,9,3,0.5,sortedPerfectTeachers,60.09473312144743
0,5,9,3,0.5,unsortedUncertainTeachers,33.383219383147214
0,5,9,3,0.5,sortedUncertainTeachers,30.18693157151655
0,5,9,3,0.5,unsortedPerfectTeachers,42.54612670188875
0,5,9,3,0.5,sortedPerfectTeachers,57.50559446938142
0,10,9,3,0.5,unsortedUncertainTeachers,37.67699097006621
0,10,9,3,0.5,sortedUncertainTeachers,38.6679857163169
0,10,9,3,0.5,unsortedPerfectTeachers,42.54612670188877
0,10,9,3,0.5,sortedPerfectTeachers,60.38241519389923
0,1,9,3,0.6,unsortedUncertainTeachers,75.63276889056763
0,1,9,3,0.6,sortedUncertainTeachers,75.63276889056769
0,1,9,3,0.6,unsortedPerfectTeachers,75.63276889056763
0,1,9,3,0.6,sortedPerfectTeachers,75.63276889056769
0,2,9,3,0.6,unsortedUncertainTeachers,75.63276889056776
0,2,9,3,0.6,sortedUncertainTeachers,82.24109425246543
0,2,9,3,0.6,unsortedPerfectTeachers,75.63276889056776
0,2,9,3,0.6,sortedPerfectTeachers,86.37513229582797
0,3,9,3,0.6,unsortedUncertainTeachers,75.63276889056775
0,3,9,3,0.6,sortedUncertainTeachers,73.62414339006428
0,3,9,3,0.6,unsortedPerfectTeachers,75.63276889056775
0,3,9,3,0.6,sortedPerfectTeachers,89.13453706414768
0,5,9,3,0.6,unsortedUncertainTeachers,75.63276889056775
0,5,9,3,0.6,sortedUncertainTeachers,74.48838815113085
0,5,9,3,0.6,unsortedPerfectTeachers,75.63276889056775
0,5,9,3,0.6,sortedPerfectTeachers,87.99831157131021
0,10,9,3,0.6,unsortedUncertainTeachers,75.63276889056772
0,10,9,3,0.6,sortedUncertainTeachers,72.55606730333913
0,10,9,3,0.6,unsortedPerfectTeachers,76.00190462239027
0,10,9,3,0.6,sortedPerfectTeachers,89.62149084679238
0,1,9,3,0.7,unsortedUncertainTeachers,125.63276889056743
0,1,9,3,0.7,sortedUncertainTeachers,125.63276889056758
0,1,9,3,0.7,unsortedPerfectTeachers,125.63276889056743
0,1,9,3,0.7,sortedPerfectTeachers,125.63276889056765
0,2,9,3,0.7,unsortedUncertainTeachers,125.63276889056763
0,2,9,3,0.7,sortedUncertainTeachers,125.63276889056759
0,2,9,3,0.7,unsortedPerfectTeachers,125.63276889056763
0,2,9,3,0.7,sortedPerfectTeachers,125.63276889056763
0,3,9,3,0.7,unsortedUncertainTeachers,125.63276889056763
0,3,9,3,0.7,sortedUncertainTeachers,125.63276889056763
0,3,9,3,0.7,unsortedPerfectTeachers,125.63276889056763
0,3,9,3,0.7,sortedPerfectTeachers,125.63276889056765
0,5,9,3,0.7,unsortedUncertainTeachers,125.63276889056762
0,5,9,3,0.7,sortedUncertainTeachers,121.1869315715165
0,5,9,3,0.7,unsortedPerfectTeachers,125.63276889056762
0,5,9,3,0.7,sortedPerfectTeachers,125.63276889056763
0,10,9,3,0.7,unsortedUncertainTeachers,125.63276889056763
0,10,9,3,0.7,sortedUncertainTeachers,124.03845889046443
0,10,9,3,0.7,unsortedPerfectTeachers,125.63276889056763
0,10,9,3,0.7,sortedPerfectTeachers,125.63276889056762
0,1,9,3,0.8,unsortedUncertainTeachers,168.4899117477104
0,1,9,3,0.8,sortedUncertainTeachers,168.48991174771035
0,1,9,3,0.8,unsortedPerfectTeachers,168.4899117477104
0,1,9,3,0.8,sortedPerfectTeachers,168.48991174771027
0,2,9,3,0.8,unsortedUncertainTeachers,168.48991174771044
0,2,9,3,0.8,sortedUncertainTeachers,168.48991174771047
0,2,9,3,0.8,unsortedPerfectTeachers,168.48991174771044
0,2,9,3,0.8,sortedPerfectTeachers,168.48991174771047
0,3,9,3,0.8,unsortedUncertainTeachers,168.48991174771044
0,3,9,3,0.8,sortedUncertainTeachers,168.4899117477105
0,3,9,3,0.8,unsortedPerfectTeachers,168.48991174771044
0,3,9,3,0.8,sortedPerfectTeachers,168.48991174771047
0,5,9,3,0.8,unsortedUncertainTeachers,168.4899117477105
0,5,9,3,0.8,sortedUncertainTeachers,168.4899117477105
0,5,9,3,0.8,unsortedPerfectTeachers,168.4899117477105
0,5,9,3,0.8,sortedPerfectTeachers,168.4899117477105
0,10,9,3,0.8,unsortedUncertainTeachers,168.48991174771047
0,10,9,3,0.8,sortedUncertainTeachers,168.4899117477105
0,10,9,3,0.8,unsortedPerfectTeachers,168.48991174771047
0,10,9,3,0.8,sortedPerfectTeachers,168.48991174771052
0,1,9,3,0.9,unsortedUncertainTeachers,205.98991174771032
0,1,9,3,0.9,sortedUncertainTeachers,205.98991174771027
0,1,9,3,0.9,unsortedPerfectTeachers,205.98991174771032
0,1,9,3,0.9,sortedPerfectTeachers,205.9899117477101
0,2,9,3,0.9,unsortedUncertainTeachers,205.98991174771027
0,2,9,3,0.9,sortedUncertainTeachers,205.98991174771032
0,2,9,3,0.9,unsortedPerfectTeachers,205.98991174771027
0,2,9,3,0.9,sortedPerfectTeachers,205.98991174771032
0,3,9,3,0.9,unsortedUncertainTeachers,205.9899117477102
0,3,9,3,0.9,sortedUncertainTeachers,205.98991174771027
0,3,9,3,0.9,unsortedPerfectTeachers,205.9899117477102
0,3,9,3,0.9,sortedPerfectTeachers,205.98991174771032
0,5,9,3,0.9,unsortedUncertainTeachers,205.98991174771027
0,5,9,3,0.9,sortedUncertainTeachers,205.98991174771027
0,5,9,3,0.9,unsortedPerfectTeachers,205.98991174771027
0,5,9,3,0.9,sortedPerfectTeachers,205.98991174771027
0,10,9,3,0.9,unsortedUncertainTeachers,205.98991174771035
0,10,9,3,0.9,sortedUncertainTeachers,205.9899117477103
0,10,9,3,0.9,unsortedPerfectTeachers,205.98991174771035
0,10,9,3,0.9,sortedPerfectTeachers,205.98991174771032
0,1,10,2,0.5,unsortedUncertainTeachers,30.572434091679703
0,1,10,2,0.5,sortedUncertainTeachers,30.572434091679664
0,1,10,2,0.5,unsortedPerfectTeachers,30.572434091679703
0,1,10,2,0.5,sortedPerfectTeachers,30.572434091679682
0,2,10,2,0.5,unsortedUncertainTeachers,30.572434091679675
0,2,10,2,0.5,sortedUncertainTeachers,32.67559215997682
0,2,10,2,0.5,unsortedPerfectTeachers,32.65187563335951
0,2,10,2,0.5,sortedPerfectTeachers,51.366849508478026
0,3,10,2,0.5,unsortedUncertainTeachers,30.57243409167966
0,3,10,2,0.5,sortedUncertainTeachers,36.364471614090746
0,3,10,2,0.5,unsortedPerfectTeachers,31.265581272239608
0,3,10,2,0.5,sortedPerfectTeachers,51.366849508478026
0,5,10,2,0.5,unsortedUncertainTeachers,30.57243409167966
0,5,10,2,0.5,sortedUncertainTeachers,43.51908697100441
0,5,10,2,0.5,unsortedPerfectTeachers,32.651875633359495
0,5,10,2,0.5,sortedPerfectTeachers,51.366849508478026
0,10,10,2,0.5,unsortedUncertainTeachers,31.958728452799555
0,10,10,2,0.5,sortedUncertainTeachers,39.137060336330535
0,10,10,2,0.5,unsortedPerfectTeachers,35.424464355599284
0,10,10,2,0.5,sortedPerfectTeachers,51.366849508478026
0,1,10,2,0.6,unsortedUncertainTeachers,70.5724340916797
0,1,10,2,0.6,sortedUncertainTeachers,70.57243409167968
0,1,10,2,0.6,unsortedPerfectTeachers,70.5724340916797
0,1,10,2,0.6,sortedPerfectTeachers,70.57243409167967
0,2,10,2,0.6,unsortedUncertainTeachers,70.57243409167964
0,2,10,2,0.6,sortedUncertainTeachers,70.57243409167965
0,2,10,2,0.6,unsortedPerfectTeachers,70.57243409167964
0,2,10,2,0.6,sortedPerfectTeachers,70.57243409167965
0,3,10,2,0.6,unsortedUncertainTeachers,70.57243409167967
0,3,10,2,0.6,sortedUncertainTeachers,70.27852488343848
0,3,10,2,0.6,unsortedPerfectTeachers,70.57243409167967
0,3,10,2,0.6,sortedPerfectTeachers,76.51684950847797
0,5,10,2,0.6,unsortedUncertainTeachers,70.57243409167971
0,5,10,2,0.6,sortedUncertainTeachers,72.6627889806388
0,5,10,2,0.6,unsortedPerfectTeachers,70.57243409167971
0,5,10,2,0.6,sortedPerfectTeachers,75.43537770287855
0,10,10,2,0.6,unsortedUncertainTeachers,70.57243409167971
0,10,10,2,0.6,sortedUncertainTeachers,67.46964180007885
0,10,10,2,0.6,unsortedPerfectTeachers,70.57243409167971
0,10,10,2,0.6,sortedPerfectTeachers,77.86684950847803
0,1,10,2,0.7,unsortedUncertainTeachers,103.90576742501305
0,1,10,2,0.7,sortedUncertainTeachers,103.90576742501297
0,1,10,2,0.7,unsortedPerfectTeachers,103.90576742501305
0,1,10,2,0.7,sortedPerfectTeachers,103.90576742501295
0,2,10,2,0.7,unsortedUncertainTeachers,103.90576742501294
0,2,10,2,0.7,sortedUncertainTeachers,103.90576742501291
0,2,10,2,0.7,unsortedPerfectTeachers,103.90576742501294
0,2,10,2,0.7,sortedPerfectTeachers,103.90576742501293
0,3,10,2,0.7,unsortedUncertainTeachers,103.90576742501284
0,3,10,2,0.7,sortedUncertainTeachers,103.90576742501288
0,3,10,2,0.7,unsortedPerfectTeachers,103.90576742501284
0,3,10,2,0.7,sortedPerfectTeachers,103.9057674250129
0,5,10,2,0.7,unsortedUncertainTeachers,103.90576742501284
0,5,10,2,0.7,sortedUncertainTeachers,103.90576742501284
0,5,10,2,0.7,unsortedPerfectTeachers,103.90576742501284
0,5,10,2,0.7,sortedPerfectTeachers,103.90576742501285
0,10,10,2,0.7,unsortedUncertainTeachers,103.90576742501285
0,10,10,2,0.7,sortedUncertainTeachers,100.64409205005236
0,10,10,2,0.7,unsortedPerfectTeachers,103.90576742501285
0,10,10,2,0.7,sortedPerfectTeachers,103.90576742501287
0,1,10,2,0.8,unsortedUncertainTeachers,132.47719599644165
0,1,10,2,0.8,sortedUncertainTeachers,132.47719599644168
0,1,10,2,0.8,unsortedPerfectTeachers,132.47719599644165
0,1,10,2,0.8,sortedPerfectTeachers,132.47719599644176
0,2,10,2,0.8,unsortedUncertainTeachers,132.47719599644157
0,2,10,2,0.8,sortedUncertainTeachers,132.47719599644162
0,2,10,2,0.8,unsortedPerfectTeachers,132.47719599644157
0,2,10,2,0.8,sortedPerfectTeachers,132.4771959964416
0,3,10,2,0.8,unsortedUncertainTeachers,132.47719599644157
0,3,10,2,0.8,sortedUncertainTeachers,132.47719599644154
0,3,10,2,0.8,unsortedPerfectTeachers,132.47719599644157
0,3,10,2,0.8,sortedPerfectTeachers,132.47719599644157
0,5,10,2,0.8,unsortedUncertainTeachers,132.4771959964415
0,5,10,2,0.8,sortedUncertainTeachers,132.47719599644154
0,5,10,2,0.8,unsortedPerfectTeachers,132.4771959964415
0,5,10,2,0.8,sortedPerfectTeachers,132.4771959964415
0,10,10,2,0.8,unsortedUncertainTeachers,132.4771959964415
0,10,10,2,0.8,sortedUncertainTeachers,132.47719599644154
0,10,10,2,0.8,unsortedPerfectTeachers,132.4771959964415
0,10,10,2,0.8,sortedPerfectTeachers,132.47719599644154
0,1,10,2,0.9,unsortedUncertainTeachers,157.47719599644134
0,1,10,2,0.9,sortedUncertainTeachers,157.47719599644134
0,1,10,2,0.9,unsortedPerfectTeachers,157.47719599644134
0,1,10,2,0.9,sortedPerfectTeachers,157.4771959964413
0,2,10,2,0.9,unsortedUncertainTeachers,157.47719599644122
0,2,10,2,0.9,sortedUncertainTeachers,157.47719599644125
0,2,10,2,0.9,unsortedPerfectTeachers,157.47719599644122
0,2,10,2,0.9,sortedPerfectTeachers,157.47719599644122
0,3,10,2,0.9,unsortedUncertainTeachers,157.4771959964413
0,3,10,2,0.9,sortedUncertainTeachers,157.47719599644125
0,3,10,2,0.9,unsortedPerfectTeachers,157.4771959964413
0,3,10,2,0.9,sortedPerfectTeachers,157.47719599644125
0,5,10,2,0.9,unsortedUncertainTeachers,157.47719599644134
0,5,10,2,0.9,sortedUncertainTeachers,157.4771959964413
0,5,10,2,0.9,unsortedPerfectTeachers,157.47719599644134
0,5,10,2,0.9,sortedPerfectTeachers,157.4771959964413
0,10,10,2,0.9,unsortedUncertainTeachers,157.47719599644137
0,10,10,2,0.9,sortedUncertainTeachers,157.47719599644134
0,10,10,2,0.9,unsortedPerfectTeachers,157.47719599644137
0,10,10,2,0.9,sortedPerfectTeachers,157.47719599644134
0,1,11,1,0.5,unsortedUncertainTeachers,29.854926380836762
0,1,11,1,0.5,sortedUncertainTeachers,29.85492638083678
0,1,11,1,0.5,unsortedPerfectTeachers,29.854926380836762
0,1,11,1,0.5,sortedPerfectTeachers,29.854926380836787
0,2,11,1,0.5,unsortedUncertainTeachers,29.85492638083676
0,2,11,1,0.5,sortedUncertainTeachers,29.515128307245988
0,2,11,1,0.5,unsortedPerfectTeachers,29.85492638083676
0,2,11,1,0.5,sortedPerfectTeachers,33.909577461918445
0,3,11,1,0.5,unsortedUncertainTeachers,29.854926380836762
0,3,11,1,0.5,sortedUncertainTeachers,34.3150425700266
0,3,11,1,0.5,unsortedPerfectTeachers,29.854926380836762
0,3,11,1,0.5,sortedPerfectTeachers,40.80248429975725
0,5,11,1,0.5,unsortedUncertainTeachers,29.854926380836762
0,5,11,1,0.5,sortedUncertainTeachers,35.53143789435108
0,5,11,1,0.5,unsortedPerfectTeachers,29.854926380836762
0,5,11,1,0.5,sortedPerfectTeachers,37.964228543000075
0,10,11,1,0.5,unsortedUncertainTeachers,29.85492638083676
0,10,11,1,0.5,sortedUncertainTeachers,35.53143789435108
0,10,11,1,0.5,unsortedPerfectTeachers,29.85492638083676
0,10,11,1,0.5,sortedPerfectTeachers,42.018879624081734
0,1,11,1,0.6,unsortedUncertainTeachers,49.854926380836766
0,1,11,1,0.6,sortedUncertainTeachers,49.854926380836716
0,1,11,1,0.6,unsortedPerfectTeachers,49.854926380836766
0,1,11,1,0.6,sortedPerfectTeachers,49.8549263808367
0,2,11,1,0.6,unsortedUncertainTeachers,49.854926380836766
0,2,11,1,0.6,sortedUncertainTeachers,49.85492638083674
0,2,11,1,0.6,unsortedPerfectTeachers,49.854926380836766
0,2,11,1,0.6,sortedPerfectTeachers,49.85492638083672
0,3,11,1,0.6,unsortedUncertainTeachers,49.85492638083676
0,3,11,1,0.6,sortedUncertainTeachers,49.85492638083676
0,3,11,1,0.6,unsortedPerfectTeachers,49.85492638083676
0,3,11,1,0.6,sortedPerfectTeachers,49.854926380836744
0,5,11,1,0.6,unsortedUncertainTeachers,49.85492638083676
0,5,11,1,0.6,sortedUncertainTeachers,46.53143789435106
0,5,11,1,0.6,unsortedPerfectTeachers,49.85492638083676
0,5,11,1,0.6,sortedPerfectTeachers,49.85492638083676
0,10,11,1,0.6,unsortedUncertainTeachers,49.85492638083676
0,10,11,1,0.6,sortedUncertainTeachers,49.409577461918396
0,10,11,1,0.6,unsortedPerfectTeachers,49.85492638083676
0,10,11,1,0.6,sortedPerfectTeachers,49.85492638083675
0,1,11,1,0.7,unsortedUncertainTeachers,66.52159304750349
0,1,11,1,0.7,sortedUncertainTeachers,66.52159304750344
0,1,11,1,0.7,unsortedPerfectTeachers,66.52159304750349
0,1,11,1,0.7,sortedPerfectTeachers,66.52159304750344
0,2,11,1,0.7,unsortedUncertainTeachers,66.52159304750336
0,2,11,1,0.7,sortedUncertainTeachers,66.5215930475034
0,2,11,1,0.7,unsortedPerfectTeachers,66.52159304750336
0,2,11,1,0.7,sortedPerfectTeachers,66.52159304750342
0,3,11,1,0.7,unsortedUncertainTeachers,66.52159304750334
0,3,11,1,0.7,sortedUncertainTeachers,66.52159304750336
0,3,11,1,0.7,unsortedPerfectTeachers,66.52159304750334
0,3,11,1,0.7,sortedPerfectTeachers,66.52159304750337
0,5,11,1,0.7,unsortedUncertainTeachers,66.52159304750334
0,5,11,1,0.7,sortedUncertainTeachers,66.52159304750336
0,5,11,1,0.7,unsortedPerfectTeachers,66.52159304750334
0,5,11,1,0.7,sortedPerfectTeachers,66.52159304750336
0,10,11,1,0.7,unsortedUncertainTeachers,66.52159304750334
0,10,11,1,0.7,sortedUncertainTeachers,66.52159304750336
0,10,11,1,0.7,unsortedPerfectTeachers,66.52159304750334
0,10,11,1,0.7,sortedPerfectTeachers,66.52159304750336
0,1,11,1,0.8,unsortedUncertainTeachers,80.8073073332175
0,1,11,1,0.8,sortedUncertainTeachers,80.8073073332175
0,1,11,1,0.8,unsortedPerfectTeachers,80.8073073332175
0,1,11,1,0.8,sortedPerfectTeachers,80.8073073332175
0,2,11,1,0.8,unsortedUncertainTeachers,80.80730733321752
0,2,11,1,0.8,sortedUncertainTeachers,80.80730733321752
0,2,11,1,0.8,unsortedPerfectTeachers,80.80730733321752
0,2,11,1,0.8,sortedPerfectTeachers,80.80730733321752
0,3,11,1,0.8,unsortedUncertainTeachers,80.80730733321755
0,3,11,1,0.8,sortedUncertainTeachers,80.80730733321755
0,3,11,1,0.8,unsortedPerfectTeachers,80.80730733321755
0,3,11,1,0.8,sortedPerfectTeachers,80.80730733321754
0,5,11,1,0.8,unsortedUncertainTeachers,80.80730733321758
0,5,11,1,0.8,sortedUncertainTeachers,80.80730733321758
0,5,11,1,0.8,unsortedPerfectTeachers,80.80730733321758
0,5,11,1,0.8,sortedPerfectTeachers,80.80730733321758
0,10,11,1,0.8,unsortedUncertainTeachers,80.80730733321761
0,10,11,1,0.8,sortedUncertainTeachers,80.80730733321758
0,10,11,1,0.8,unsortedPerfectTeachers,80.80730733321761
0,10,11,1,0.8,sortedPerfectTeachers,80.80730733321758
0,1,11,1,0.9,unsortedUncertainTeachers,93.30730733321745
0,1,11,1,0.9,sortedUncertainTeachers,93.30730733321744
0,1,11,1,0.9,unsortedPerfectTeachers,93.30730733321745
0,1,11,1,0.9,sortedPerfectTeachers,93.30730733321742
0,2,11,1,0.9,unsortedUncertainTeachers,93.30730733321744
0,2,11,1,0.9,sortedUncertainTeachers,93.30730733321744
0,2,11,1,0.9,unsortedPerfectTeachers,93.30730733321744
0,2,11,1,0.9,sortedPerfectTeachers,93.30730733321744
0,3,11,1,0.9,unsortedUncertainTeachers,93.30730733321744
0,3,11,1,0.9,sortedUncertainTeachers,93.30730733321744
0,3,11,1,0.9,unsortedPerfectTeachers,93.30730733321744
0,3,11,1,0.9,sortedPerfectTeachers,93.30730733321744
0,5,11,1,0.9,unsortedUncertainTeachers,93.3073073332174
0,5,11,1,0.9,sortedUncertainTeachers,93.30730733321742
0,5,11,1,0.9,unsortedPerfectTeachers,93.3073073332174
0,5,11,1,0.9,sortedPerfectTeachers,93.30730733321744
0,10,11,1,0.9,unsortedUncertainTeachers,93.30730733321742
0,10,11,1,0.9,sortedUncertainTeachers,93.30730733321742
0,10,11,1,0.9,unsortedPerfectTeachers,93.30730733321742
0,10,11,1,0.9,sortedPerfectTeachers,93.30730733321742
0,1,12,0,0.5,unsortedUncertainTeachers,0.0
0,1,12,0,0.5,sortedUncertainTeachers,0.0
0,1,12,0,0.5,unsortedPerfectTeachers,0.0
0,1,12,0,0.5,sortedPerfectTeachers,0.0
0,2,12,0,0.5,unsortedUncertainTeachers,0.0
0,2,12,0,0.5,sortedUncertainTeachers,0.0
0,2,12,0,0.5,unsortedPerfectTeachers,0.0
0,2,12,0,0.5,sortedPerfectTeachers,0.0
0,3,12,0,0.5,unsortedUncertainTeachers,0.0
0,3,12,0,0.5,sortedUncertainTeachers,0.0
0,3,12,0,0.5,unsortedPerfectTeachers,0.0
0,3,12,0,0.5,sortedPerfectTeachers,0.0
0,5,12,0,0.5,unsortedUncertainTeachers,0.0
0,5,12,0,0.5,sortedUncertainTeachers,0.0
0,5,12,0,0.5,unsortedPerfectTeachers,0.0
0,5,12,0,0.5,sortedPerfectTeachers,0.0
0,10,12,0,0.5,unsortedUncertainTeachers,0.0
0,10,12,0,0.5,sortedUncertainTeachers,0.0
0,10,12,0,0.5,unsortedPerfectTeachers,0.0
0,10,12,0,0.5,sortedPerfectTeachers,0.0
0,1,12,0,0.6,unsortedUncertainTeachers,0.0
0,1,12,0,0.6,sortedUncertainTeachers,0.0
0,1,12,0,0.6,unsortedPerfectTeachers,0.0
0,1,12,0,0.6,sortedPerfectTeachers,0.0
0,2,12,0,0.6,unsortedUncertainTeachers,0.0
0,2,12,0,0.6,sortedUncertainTeachers,0.0
0,2,12,0,0.6,unsortedPerfectTeachers,0.0
0,2,12,0,0.6,sortedPerfectTeachers,0.0
0,3,12,0,0.6,unsortedUncertainTeachers,0.0
0,3,12,0,0.6,sortedUncertainTeachers,0.0
0,3,12,0,0.6,unsortedPerfectTeachers,0.0
0,3,12,0,0.6,sortedPerfectTeachers,0.0
0,5,12,0,0.6,unsortedUncertainTeachers,0.0
0,5,12,0,0.6,sortedUncertainTeachers,0.0
0,5,12,0,0.6,unsortedPerfectTeachers,0.0
0,5,12,0,0.6,sortedPerfectTeachers,0.0
0,10,12,0,0.6,unsortedUncertainTeachers,0.0
0,10,12,0,0.6,sortedUncertainTeachers,0.0
0,10,12,0,0.6,unsortedPerfectTeachers,0.0
0,10,12,0,0.6,sortedPerfectTeachers,0.0
0,1,12,0,0.7,unsortedUncertainTeachers,0.0
0,1,12,0,0.7,sortedUncertainTeachers,0.0
0,1,12,0,0.7,unsortedPerfectTeachers,0.0
0,1,12,0,0.7,sortedPerfectTeachers,0.0
0,2,12,0,0.7,unsortedUncertainTeachers,0.0
0,2,12,0,0.7,sortedUncertainTeachers,0.0
0,2,12,0,0.7,unsortedPerfectTeachers,0.0
0,2,12,0,0.7,sortedPerfectTeachers,0.0
0,3,12,0,0.7,unsortedUncertainTeachers,0.0
0,3,12,0,0.7,sortedUncertainTeachers,0.0
0,3,12,0,0.7,unsortedPerfectTeachers,0.0
0,3,12,0,0.7,sortedPerfectTeachers,0.0
0,5,12,0,0.7,unsortedUncertainTeachers,0.0
0,5,12,0,0.7,sortedUncertainTeachers,0.0
0,5,12,0,0.7,unsortedPerfectTeachers,0.0
0,5,12,0,0.7,sortedPerfectTeachers,0.0
0,10,12,0,0.7,unsortedUncertainTeachers,0.0
0,10,12,0,0.7,sortedUncertainTeachers,0.0
0,10,12,0,0.7,unsortedPerfectTeachers,0.0
0,10,12,0,0.7,sortedPerfectTeachers,0.0
0,1,12,0,0.8,unsortedUncertainTeachers,0.0
0,1,12,0,0.8,sortedUncertainTeachers,0.0
0,1,12,0,0.8,unsortedPerfectTeachers,0.0
0,1,12,0,0.8,sortedPerfectTeachers,0.0
0,2,12,0,0.8,unsortedUncertainTeachers,0.0
0,2,12,0,0.8,sortedUncertainTeachers,0.0
0,2,12,0,0.8,unsortedPerfectTeachers,0.0
0,2,12,0,0.8,sortedPerfectTeachers,0.0
0,3,12,0,0.8,unsortedUncertainTeachers,0.0
0,3,12,0,0.8,sortedUncertainTeachers,0.0
0,3,12,0,0.8,unsortedPerfectTeachers,0.0
0,3,12,0,0.8,sortedPerfectTeachers,0.0
0,5,12,0,0.8,unsortedUncertainTeachers,0.0
0,5,12,0,0.8,sortedUncertainTeachers,0.0
0,5,12,0,0.8,unsortedPerfectTeachers,0.0
0,5,12,0,0.8,sortedPerfectTeachers,0.0
0,10,12,0,0.8,unsortedUncertainTeachers,0.0
0,10,12,0,0.8,sortedUncertainTeachers,0.0
0,10,12,0,0.8,unsortedPerfectTeachers,0.0
0,10,12,0,0.8,sortedPerfectTeachers,0.0
0,1,12,0,0.9,unsortedUncertainTeachers,0.0
0,1,12,0,0.9,sortedUncertainTeachers,0.0
0,1,12,0,0.9,unsortedPerfectTeachers,0.0
0,1,12,0,0.9,sortedPerfectTeachers,0.0
0,2,12,0,0.9,unsortedUncertainTeachers,0.0
0,2,12,0,0.9,sortedUncertainTeachers,0.0
0,2,12,0,0.9,unsortedPerfectTeachers,0.0
0,2,12,0,0.9,sortedPerfectTeachers,0.0
0,3,12,0,0.9,unsortedUncertainTeachers,0.0
0,3,12,0,0.9,sortedUncertainTeachers,0.0
0,3,12,0,0.9,unsortedPerfectTeachers,0.0
0,3,12,0,0.9,sortedPerfectTeachers,0.0
0,5,12,0,0.9,unsortedUncertainTeachers,0.0
0,5,12,0,0.9,sortedUncertainTeachers,0.0
0,5,12,0,0.9,unsortedPerfectTeachers,0.0
0,5,12,0,0.9,sortedPerfectTeachers,0.0
0,10,12,0,0.9,unsortedUncertainTeachers,0.0
0,10,12,0,0.9,sortedUncertainTeachers,0.0
0,10,12,0,0.9,unsortedPerfectTeachers,0.0
0,10,12,0,0.9,sortedPerfectTeachers,0.0
